"Rank","Tier","WSID","Overall","Team","Pos","Bye","Best","Worst","Avg","Std Dev","ADP","vs. ADP"
"1","1","","Saquon Barkley","NYG","RB1","11","1","6","1.5","0.8","1.0","0.0"
"2","1","","Alvin Kamara","NO","RB2","9","1","11","2.6","1.0","2.0","0.0"
"3","1","","Christian McCaffrey","CAR","RB3","7","1","12","2.7","1.2","3.0","0.0"
"4","1","","David Johnson","ARI","RB4","12","1","36","7.3","4.4","6.0","+2.0"
"5","1","","Nick Chubb","CLE","RB5","7","1","22","7.5","4.1","10.0","+5.0"
"6","1","","Ezekiel Elliott","DAL","RB6","8","1","67","7.6","8.2","4.0","-2.0"
"7","2","","DeAndre Hopkins","HOU","WR1","10","4","17","8.5","2.2","5.0","-2.0"
"8","2","","James Conner","PIT","RB7","7","2","57","9.5","5.6","7.0","-1.0"
"9","2","","Davante Adams","GB","WR2","11","4","24","10.4","2.8","9.0","0.0"
"10","2","","Le'Veon Bell","NYJ","RB8","4","2","40","12.1","6.1","8.0","-2.0"
"11","2","","Julio Jones","ATL","WR3","9","5","29","12.1","3.4","13.0","+2.0"
"12","2","","Odell Beckham Jr.","CLE","WR4","7","5","21","13.3","3.7","18.0","+6.0"
"13","2","","Joe Mixon","CIN","RB9","9","5","35","14.2","6.1","17.0","+4.0"
"14","2","","Dalvin Cook","MIN","RB10","12","4","39","14.6","5.9","16.0","+2.0"
"15","2","","Travis Kelce","KC","TE1","12","7","37","15.4","3.0","20.0","+5.0"
"16","2","","Tyreek Hill","KC","WR5","12","7","27","15.4","4.5","15.0","-1.0"
"17","3","","JuJu Smith-Schuster","PIT","WR6","7","6","31","16.5","4.6","19.0","+2.0"
"18","3","","Todd Gurley","LAR","RB11","9","2","64","16.5","9.3","11.0","-7.0"
"19","3","","Michael Thomas","NO","WR7","9","8","37","18.0","4.0","14.0","-5.0"
"20","3","","Mike Evans","TB","WR8","7","10","31","20.1","3.3","21.0","+1.0"
"21","3","","Keenan Allen","LAC","WR9","12","17","44","25.9","4.4","26.0","+5.0"
"22","4","","Aaron Jones","GB","RB12","11","6","63","27.4","9.8","28.0","+6.0"
"23","4","","Antonio Brown","OAK","WR10","6","16","50","27.4","6.5","23.0","0.0"
"24","4","","Chris Carson","SEA","RB13","11","9","72","29.2","9.9","35.0","+11.0"
"25","4","","Kerryon Johnson","DET","RB14","5","12","53","29.2","8.5","27.0","+2.0"
"26","4","","Damien Williams","KC","RB15","12","9","68","29.6","11.2","24.0","-2.0"
"27","4","","Leonard Fournette","JAC","RB16","10","11","57","29.9","8.4","22.0","-5.0"
"28","4","","Adam Thielen","MIN","WR11","12","19","64","31.3","6.4","25.0","-3.0"
"29","4","","Amari Cooper","DAL","WR12","8","18","60","31.8","6.9","32.0","+3.0"
"30","4","","Derrick Henry","TEN","RB17","11","9","67","32.2","10.4","36.0","+6.0"
"31","4","","Devonta Freeman","ATL","RB18","9","6","60","32.6","8.6","31.0","0.0"
"32","4","","Brandin Cooks","LAR","WR13","9","20","67","33.0","6.6","40.0","+8.0"
"33","4","","George Kittle","SF","TE2","4","17","70","33.3","7.4","29.0","-4.0"
"34","4","","Patrick Mahomes","KC","QB1","12","13","65","35.0","9.1","12.0","-22.0"
"35","4","","Stefon Diggs","MIN","WR14","12","21","54","35.3","6.7","33.0","-2.0"
"36","4","","Sony Michel","NE","RB19","10","14","70","35.4","10.0","46.0","+10.0"
"37","4","","Zach Ertz","PHI","TE3","10","19","67","36.3","8.9","30.0","-7.0"
"38","4","","Robert Woods","LAR","WR15","9","19","70","37.5","8.4","45.0","+7.0"
"39","4","","Josh Jacobs","OAK","RB20","6","16","139","39.9","8.4","34.0","-5.0"
"40","5","","Chris Godwin","TB","WR16","7","20","81","42.1","9.6","49.0","+9.0"
"41","5","","Tyler Lockett","SEA","WR17","11","24","82","43.0","11.9","50.0","+9.0"
"42","5","","David Montgomery","CHI","RB21","6","7","201","43.3","13.0","41.0","-1.0"
"43","5","","Melvin Gordon","LAC","RB22","12","5","146","43.5","18.4","37.0","-6.0"
"44","5","","Mark Ingram","BAL","RB23","8","14","76","43.8","10.7","44.0","0.0"
"45","5","","Julian Edelman","NE","WR18","10","21","81","44.4","9.1","43.0","-2.0"
"46","5","","Kenny Golladay","DET","WR19","5","29","105","45.4","9.1","48.0","+2.0"
"47","5","","Marlon Mack","IND","RB24","6","36","75","46.0","8.8","38.0","-9.0"
"48","5","","O.J. Howard","TB","TE4","7","23","89","51.4","7.4","54.0","+6.0"
"49","5","","Deshaun Watson","HOU","QB2","10","26","83","52.6","8.6","39.0","-10.0"
"50","5","","Cooper Kupp","LAR","WR20","9","27","100","53.0","12.5","51.0","+1.0"
"51","5","","Phillip Lindsay","DEN","RB25","10","28","84","54.7","9.8","52.0","+1.0"
"52","5","","Tevin Coleman","SF","RB26","4","29","101","57.0","10.9","55.0","+3.0"
"53","5","","Mike Williams","LAC","WR21","12","30","88","58.1","11.3","59.0","+6.0"
"54","5","","T.Y. Hilton","IND","WR22","6","46","102","58.3","12.6","42.0","-12.0"
"55","5","","Aaron Rodgers","GB","QB3","11","32","92","59.2","9.8","47.0","-8.0"
"56","5","","Tyler Boyd","CIN","WR23","9","31","107","59.9","12.7","56.0","0.0"
"57","6","","Calvin Ridley","ATL","WR24","9","31","96","61.0","12.0","53.0","-4.0"
"58","6","","D.J. Moore","CAR","WR25","7","33","133","62.9","14.2","65.0","+7.0"
"59","6","","Evan Engram","NYG","TE5","11","37","131","63.3","14.0","60.0","+1.0"
"60","6","","Duke Johnson","HOU","RB27","10","39","109","63.9","14.7","77.0","+17.0"
"61","6","","Alshon Jeffery","PHI","WR26","10","41","102","64.1","12.1","63.0","+2.0"
"62","6","","Allen Robinson","CHI","WR27","6","30","121","64.6","14.5","78.0","+16.0"
"63","6","","Hunter Henry","LAC","TE6","12","26","142","65.0","15.2","67.0","+4.0"
"64","6","","Latavius Murray","NO","RB28","9","22","143","68.4","14.5","82.0","+18.0"
"65","6","","Miles Sanders","PHI","RB29","10","39","227","68.4","23.3","68.0","+3.0"
"66","6","","Robby Anderson","NYJ","WR28","4","33","121","68.5","14.6","71.0","+5.0"
"67","6","","James White","NE","RB30","10","45","127","68.7","12.2","61.0","-6.0"
"68","6","","Josh Gordon","NE","WR29","10","41","130","70.2","19.6","69.0","+1.0"
"69","6","","Baker Mayfield","CLE","QB4","7","47","120","70.3","11.4","57.0","-12.0"
"70","6","","Matt Ryan","ATL","QB5","9","25","121","73.9","14.9","62.0","-8.0"
"71","6","","Austin Ekeler","LAC","RB31","12","47","185","75.5","17.8","66.0","-5.0"
"72","6","","Derrius Guice","WAS","RB32","10","27","128","76.0","17.4","76.0","+4.0"
"73","6","","A.J. Green","CIN","WR30","9","43","127","76.4","19.6","58.0","-15.0"
"74","6","","Kenyan Drake","MIA","RB33","5","17","233","76.6","19.8","73.0","-1.0"
"75","6","","Tarik Cohen","CHI","RB34","6","40","140","80.6","17.9","70.0","-5.0"
"76","6","","Jarvis Landry","CLE","WR31","7","34","134","81.8","14.3","64.0","-12.0"
"77","6","","Will Fuller","HOU","WR32","10","44","163","82.3","14.6","79.0","+2.0"
"78","6","","Carson Wentz","PHI","QB6","10","54","161","82.4","14.5","75.0","-3.0"
"79","6","","Rashaad Penny","SEA","RB35","11","45","200","82.9","20.1","96.0","+17.0"
"80","6","","Sammy Watkins","KC","WR33","12","42","151","83.4","13.3","87.0","+7.0"
"81","7","","Curtis Samuel","CAR","WR34","7","52","163","84.3","15.4","97.0","+16.0"
"82","7","","Royce Freeman","DEN","RB36","10","40","156","84.5","18.8","108.0","+26.0"
"83","7","","Cam Newton","CAR","QB7","7","32","149","84.6","14.3","89.0","+6.0"
"84","7","","Russell Wilson","SEA","QB8","11","42","138","87.4","16.7","81.0","-3.0"
"85","7","","Jared Cook","NO","TE7","9","16","153","87.8","18.0","72.0","-13.0"
"86","7","","Marvin Jones","DET","WR35","5","60","158","88.0","13.6","94.0","+8.0"
"87","7","","Christian Kirk","ARI","WR36","12","50","137","88.8","12.3","85.0","-2.0"
"88","7","","Jordan Howard","PHI","RB37","10","53","179","90.6","23.7","84.0","-4.0"
"89","7","","Corey Davis","TEN","WR37","11","44","137","91.0","14.9","92.0","+3.0"
"90","7","","Dede Westbrook","JAC","WR38","10","41","151","94.9","17.1","83.0","-7.0"
"91","7","","Matt Breida","SF","RB38","4","55","223","95.2","33.0","106.0","+15.0"
"92","7","","Drew Brees","NO","QB9","9","32","164","96.0","16.7","74.0","-18.0"
"93","7","","Dante Pettis","SF","WR39","4","49","154","96.2","19.1","104.0","+11.0"
"94","7","","Jared Goff","LAR","QB10","9","56","230","97.0","14.6","80.0","-14.0"
"95","7","","Sterling Shepard","NYG","WR40","11","63","145","97.6","13.8","93.0","-2.0"
"96","7","","Vance McDonald","PIT","TE8","7","60","164","98.8","20.5","86.0","-10.0"
"97","7","","David Njoku","CLE","TE9","7","56","158","98.9","21.8","98.0","+1.0"
"98","7","","Jameis Winston","TB","QB11","7","50","147","100.1","16.2","101.0","+3.0"
"99","7","","Kalen Ballage","MIA","RB39","5","55","193","101.6","22.4","120.0","+21.0"
"100","7","","LeSean McCoy","BUF","RB40","6","47","207","102.9","27.1","102.0","+2.0"
"101","7","","Darrell Henderson","LAR","RB41","9","39","240","103.0","26.3","95.0","-6.0"
"102","7","","Courtland Sutton","DEN","WR41","10","61","153","105.9","15.6","111.0","+9.0"
"103","7","","Kyler Murray","ARI","QB12","12","56","224","107.3","23.5","110.0","+7.0"
"104","7","","Peyton Barber","TB","RB42","7","55","205","108.4","25.8","109.0","+5.0"
"105","7","","Lamar Jackson","BAL","QB13","8","55","215","108.5","21.3","105.0","0.0"
"106","7","","Larry Fitzgerald","ARI","WR42","12","72","163","108.6","15.5","100.0","-6.0"
"107","7","","Ben Roethlisberger","PIT","QB14","7","64","168","112.2","20.0","99.0","-8.0"
"108","7","","Geronimo Allison","GB","WR43","11","71","164","112.7","17.1","123.0","+15.0"
"109","7","","Dak Prescott","DAL","QB15","8","59","225","113.3","19.5","121.0","+12.0"
"110","7","","Adrian Peterson","WAS","RB43","10","57","193","113.4","27.7","118.0","+8.0"
"111","8","","Marquez Valdes-Scantling","GB","WR44","11","67","218","115.8","20.1","113.0","+2.0"
"112","8","","DeSean Jackson","PHI","WR45","10","71","191","116.1","16.6","125.0","+13.0"
"113","8","","Emmanuel Sanders","DEN","WR46","10","53","234","119.2","28.9","91.0","-22.0"
"114","8","","Michael Gallup","DAL","WR47","8","72","231","120.0","21.1","138.0","+24.0"
"115","8","","Anthony Miller","CHI","WR48","6","75","229","120.2","23.6","140.0","+25.0"
"116","8","","Philip Rivers","LAC","QB16","12","71","172","122.2","17.2","114.0","-2.0"
"117","8","","Austin Hooper","ATL","TE10","9","60","211","125.6","22.6","128.0","+11.0"
"118","8","","Donte Moncrief","PIT","WR49","7","50","223","125.9","26.4","131.0","+13.0"
"119","8","","John Brown","BUF","WR50","6","58","195","127.5","20.1","146.0","+27.0"
"120","8","","Dion Lewis","TEN","RB44","11","69","264","129.0","26.3","129.0","+9.0"
"121","8","","Tom Brady","NE","QB17","10","80","176","129.8","18.1","103.0","-18.0"
"122","8","","Mitch Trubisky","CHI","QB18","6","65","215","132.4","24.6","143.0","+21.0"
"123","8","","Ronald Jones II","TB","RB45","7","70","347","126.3","38.1","139.0","+16.0"
"124","8","","Delanie Walker","TEN","TE11","11","77","302","134.8","31.9","115.0","-9.0"
"125","8","","Kirk Cousins","MIN","QB19","12","83","193","131.9","21.9","134.0","+9.0"
"126","8","","Justin Jackson","LAC","RB46","12","67","309","134.6","40.7","149.0","+23.0"
"127","8","","Justice Hill","BAL","RB47","8","58","257","138.1","39.5","158.0","+31.0"
"128","8","","Tyrell Williams","OAK","WR51","6","72","244","135.4","29.2","137.0","+9.0"
"129","8","","Devin Singletary","BUF","RB48","6","43","290","132.4","35.5","132.0","+3.0"
"130","8","","Trey Burton","CHI","TE12","6","79","235","141.7","29.2","148.0","+18.0"
"131","8","","James Washington","PIT","WR52","7","91","266","142.0","31.5","117.0","-14.0"
"132","8","","Josh Allen","BUF","QB20","6","81","243","138.5","26.1","160.0","+28.0"
"133","8","","Keke Coutee","HOU","WR53","10","85","188","133.0","19.1","156.0","+23.0"
"134","8","","Jamison Crowder","NYJ","WR54","4","95","231","140.8","26.1","169.0","+35.0"
"135","8","","Darwin Thompson","KC","RB49","12","45","294","131.2","48.9","119.0","-16.0"
"136","8","","Jaylen Samuels","PIT","RB50","7","71","284","141.3","36.4","133.0","-3.0"
"137","8","","Mark Andrews","BAL","TE13","8","89","274","142.4","37.5","142.0","+5.0"
"138","8","","Golden Tate","NYG","WR55","11","85","238","144.9","28.1","145.0","+7.0"
"139","8","","Damien Harris","NE","RB51","10","79","379","145.6","45.6","155.0","+16.0"
"140","8","","Kenny Stills","MIA","WR56","5","66","242","146.2","27.5","190.0","+50.0"
"141","8","","Eric Ebron","IND","TE14","6","121","235","157.4","31.2","90.0","-51.0"
"142","8","","Jimmy Garoppolo","SF","QB21","4","85","206","150.6","23.5","154.0","+12.0"
"143","9","","Tony Pollard","DAL","RB52","8","63","386","139.8","49.9","122.0","-21.0"
"144","9","","D.K. Metcalf","SEA","WR57","11","77","276","156.3","32.2","147.0","+3.0"
"145","9","","C.J. Anderson","DET","RB53","5","94","271","154.1","34.6","179.0","+34.0"
"146","9","","Ito Smith","ATL","RB54","9","84","265","150.7","40.0","167.0","+21.0"
"147","9","","Marquise Goodwin","SF","WR58","4","93","261","155.5","36.3","181.0","+34.0"
"148","9","","Sam Darnold","NYJ","QB22","4","88","246","159.2","26.9","177.0","+29.0"
"149","9","","Kareem Hunt","CLE","RB55","7","70","249","159.9","40.7","107.0","-42.0"
"150","9","","Tre'Quan Smith","NO","WR59","9","86","267","161.9","26.0","187.0","+37.0"
"151","9","","Greg Olsen","CAR","TE15","7","76","325","166.3","41.1","144.0","-7.0"
"152","9","","DaeSean Hamilton","DEN","WR60","10","107","274","164.7","28.9","196.0","+44.0"
"153","9","","Mohamed Sanu","ATL","WR61","9","108","264","172.0","32.9","168.0","+15.0"
"154","9","","Alexander Mattison","MIN","RB56","12","94","311","157.9","37.7","151.0","-3.0"
"155","9","","Jimmy Graham","GB","TE16","11","60","297","184.4","46.7","162.0","+7.0"
"156","9","","Jacoby Brissett","IND","QB23","6","107","247","184.7","26.8","256.0","+100.0"
"157","9","","Kyle Rudolph","MIN","TE17","12","109","274","178.8","36.7","175.0","+18.0"
"158","9","","Matthew Stafford","DET","QB24","5","105","268","173.7","26.8","176.0","+18.0"
"159","9","","Albert Wilson","MIA","WR62","5","110","285","173.7","35.3","234.0","+75.0"
"160","9","","Nyheim Hines","IND","RB57","6","161","250","191.9","25.3","185.0","+25.0"
"161","9","","Derek Carr","OAK","QB25","6","113","265","180.0","27.3","174.0","+13.0"
"162","9","","N'Keal Harry","NE","WR63","10","63","265","174.5","46.8","152.0","-10.0"
"163","9","","Jordan Reed","WAS","TE18","10","80","297","184.6","43.8","157.0","-6.0"
"164","9","","Deebo Samuel","SF","WR64","4","94","267","178.6","39.4","170.0","+6.0"
"165","9","","Mike Davis","CHI","RB58","6","71","280","167.1","31.5","235.0","+70.0"
"166","9","","Chris Thompson","WAS","RB59","10","115","310","171.9","38.8","191.0","+25.0"
"167","9","","Devin Funchess","IND","WR65","6","163","289","190.2","30.2","180.0","+13.0"
"168","9","","Chicago (CHI)","","DST1","6","95","278","160.3","25.3","88.0","-80.0"
"169","9","","Adam Humphries","TEN","WR66","11","97","268","185.1","32.4","212.0","+43.0"
"170","9","","Chris Herndon IV","NYJ","TE19","4","107","291","188.8","46.9","209.0","+39.0"
"171","9","","Los Angeles (LAR)","","DST2","9","105","280","168.9","20.0","112.0","-59.0"
"172","9","","Giovani Bernard","CIN","RB60","9","115","296","180.2","36.9","225.0","+53.0"
"173","9","","Devante Parker","MIA","WR67","5","102","277","184.1","35.1","227.0","+54.0"
"174","9","","Jacksonville (JAC)","","DST3","10","127","279","170.3","25.1","127.0","-47.0"
"175","9","","T.J. Hockenson","DET","TE20","5","79","278","192.9","49.2","135.0","-40.0"
"176","9","","Baltimore (BAL)","","DST4","8","110","290","173.9","26.7","130.0","-46.0"
"177","10","","Jamaal Williams","GB","RB61","11","101","276","173.3","35.8","197.0","+20.0"
"178","10","","Malcolm Brown","LAR","RB62","9","101","367","174.1","44.9","201.0","+23.0"
"179","10","","Andy Dalton","CIN","QB26","9","88","292","194.7","25.1","266.0","+87.0"
"180","10","","Quincy Enunwa","NYJ","WR68","4","114","266","191.9","32.2","267.0","+87.0"
"181","10","","Los Angeles (LAC)","","DST5","12","133","367","175.6","29.9","141.0","-40.0"
"182","10","","Marquise Brown","BAL","WR69","8","72","292","197.3","42.8","182.0","0.0"
"183","10","","Dallas Goedert","PHI","TE21","10","102","291","203.9","42.4","216.0","+33.0"
"184","10","","Minnesota (MIN)","","DST6","12","138","282","173.8","21.4","126.0","-58.0"
"185","10","","Chase Edmonds","ARI","RB63","12","98","349","192.1","46.4","228.0","+43.0"
"186","10","","Houston (HOU)","","DST7","10","142","293","179.4","22.7","159.0","-27.0"
"187","10","","Cleveland (CLE)","","DST8","7","133","286","179.4","21.3","171.0","-16.0"
"188","10","","Greg Zuerlein","LAR","K1","9","120","285","179.7","19.6","116.0","-72.0"
"189","10","","Mecole Hardman","KC","WR70","12","110","313","190.0","41.8","163.0","-26.0"
"190","10","","Justin Tucker","BAL","K2","8","136","289","184.2","20.9","124.0","-66.0"
"191","10","","Jalen Richard","OAK","RB64","6","107","339","201.4","47.4","202.0","+11.0"
"192","10","","Zay Jones","BUF","WR71","6","112","297","198.7","40.7","206.0","+14.0"
"193","10","","Harrison Butker","KC","K3","12","109","292","185.2","18.4","136.0","-57.0"
"194","10","","Nick Foles","JAC","QB27","10","104","330","202.9","31.7","205.0","+11.0"
"195","10","","New Orleans (NO)","","DST9","9","143","295","184.2","23.0","165.0","-30.0"
"196","10","","Stephen Gostkowski","NE","K4","10","151","291","189.7","22.5","150.0","-46.0"
"197","10","","Wil Lutz","NO","K5","9","157","294","191.3","20.8","153.0","-44.0"
"198","10","","Carlos Hyde","KC","RB65","12","63","436","181.2","55.6","183.0","-15.0"
"199","10","","Marcus Mariota","TEN","QB28","11","94","295","210.0","31.2","246.0","+47.0"
"200","10","","Robert Foster","BUF","WR72","6","77","300","186.2","49.0","251.0","+51.0"
"201","10","","Noah Fant","DEN","TE22","10","87","326","219.7","44.6","195.0","-6.0"
"202","10","","New England (NE)","","DST10","10","152","300","193.7","23.6","166.0","-36.0"
"203","10","","Denver (DEN)","","DST11","10","139","284","186.5","22.3","161.0","-42.0"
"204","10","","Gus Edwards","BAL","RB66","8","106","288","183.6","34.5","232.0","+28.0"
"205","10","","Jack Doyle","IND","TE23","6","192","294","231.5","29.7","230.0","+25.0"
"206","10","","Parris Campbell","IND","WR73","6","191","295","220.3","24.6","210.0","+4.0"
"207","10","","Mason Crosby","GB","K6","11","159","307","200.2","23.9","189.0","-18.0"
"208","10","","Buffalo (BUF)","","DST12","6","151","290","193.6","24.9","172.0","-36.0"
"209","10","","Ka'imi Fairbairn","HOU","K7","10","156","302","195.4","25.2","164.0","-45.0"
"210","10","","Jake Elliott","PHI","K8","10","160","301","201.3","23.4","186.0","-24.0"
"211","10","","Trey Quinn","WAS","WR74","10","128","294","213.2","41.6","257.0","+46.0"
"212","10","","Ted Ginn","NO","WR75","9","129","294","210.2","38.6","248.0","+36.0"
"213","10","","Dallas (DAL)","","DST13","8","128","297","196.8","22.5","173.0","-40.0"
"214","10","","Philadelphia (PHI)","","DST14","10","118","296","208.4","25.0","192.0","-22.0"
"215","10","","Brett Maher","DAL","K9","8","161","308","206.8","28.1","198.0","-17.0"
"216","10","","Frank Gore","BUF","RB67","6","106","294","201.2","38.4","278.0","+62.0"
"217","10","","Taylor Gabriel","CHI","WR76","6","138","296","216.2","32.0","313.0","+96.0"
"218","10","","Robbie Gould","SF","K10","4","163","306","210.1","29.9","178.0","-40.0"
"219","10","","Jerick McKinnon","SF","RB68","4","71","380","200.2","59.6","200.0","-19.0"
"220","10","","Michael Badgley","LAC","K11","12","164","310","211.4","29.5","193.0","-27.0"
"221","10","","Matt Prater","DET","K12","5","162","316","212.8","30.5","203.0","-18.0"
"222","10","","A.J. Brown","TEN","WR77","11","96","294","216.7","35.3","223.0","+1.0"
"223","10","","Rex Burkhead","NE","RB69","10","79","313","208.3","33.1","299.0","+76.0"
"224","10","","Pittsburgh (PIT)","","DST15","7","168","299","226.0","26.7","184.0","-40.0"
"225","10","","Darren Waller","OAK","TE24","6","113","306","194.2","44.4","188.0","-37.0"
"226","10","","Joe Flacco","DEN","QB29","10","149","331","230.6","28.5","261.0","+35.0"
"227","10","","Randall Cobb","DAL","WR78","8","134","294","221.3","29.4","242.0","+15.0"
"228","10","","Nelson Agholor","PHI","WR79","10","121","293","228.1","31.5","199.0","-29.0"
"229","10","","Marqise Lee","JAC","WR80","10","125","296","220.0","34.6","204.0","-25.0"
"230","11","","Ty Montgomery","NYJ","RB70","4","106","400","198.2","52.3","213.0","-17.0"
"231","11","","Andy Isabella","ARI","WR81","12","121","301","222.8","37.6","222.0","-9.0"
"232","11","","David Moore","SEA","WR82","11","123","271","210.8","31.3","301.0","+69.0"
"233","11","","Ryquell Armstead","JAC","RB71","10","136","353","213.6","39.4","271.0","+38.0"
"234","11","","Tyler Eifert","CIN","TE25","9","127","315","223.8","43.0","263.0","+29.0"
"235","11","","Seattle (SEA)","","DST16","11","124","312","220.9","23.4","237.0","+2.0"
"236","11","","Tennessee (TEN)","","DST17","11","171","314","229.1","27.8","218.0","-18.0"
"237","11","","Eli Manning","NYG","QB30","11","158","332","242.2","25.5","333.0","+96.0"
"238","11","","Adam Vinatieri","IND","K13","6","171","320","230.0","30.9","215.0","-23.0"
"239","11","","Paul Richardson","WAS","WR83","10","139","300","227.2","34.5","292.0","+53.0"
"240","11","","Ryan Fitzpatrick","MIA","QB31","5","153","340","241.6","23.3","345.0","+105.0"
"241","11","","Rashard Higgins","CLE","WR84","7","99","382","212.9","48.6","245.0","+4.0"
"242","11","","D.J. Chark","JAC","WR85","10","105","296","230.6","33.5","291.0","+49.0"
"243","11","","John Ross","CIN","WR86","9","144","300","222.8","38.0","314.0","+71.0"
"244","11","","Cole Beasley","BUF","WR87","6","132","299","227.6","45.6","264.0","+20.0"
"245","11","","Indianapolis (IND)","","DST18","6","168","311","240.1","37.2","214.0","-31.0"
"246","11","","Jason Myers","SEA","K14","11","157","321","240.0","29.9","220.0","-26.0"
"247","11","","Kansas City (KC)","","DST19","12","170","311","243.0","35.6","194.0","-53.0"
"248","11","","Mike Gesicki","MIA","TE26","5","160","297","242.6","36.6","262.0","+14.0"
"249","11","","Dwayne Haskins","WAS","QB32","10","139","479","249.7","39.7","280.0","+31.0"
"250","11","","Josh Rosen","MIA","QB33","5","161","339","250.7","26.9","319.0","+69.0"
"251","11","","J.J. Arcega-Whiteside","PHI","WR88","10","121","297","229.7","42.4","208.0","-43.0"
"252","11","","Benny Snell Jr.","PIT","RB72","7","100","425","235.1","42.3","315.0","+63.0"
"253","11","","Willie Snead","BAL","WR89","8","154","300","244.6","36.4","259.0","+6.0"
"254","11","","Case Keenum","WAS","QB34","10","143","345","256.5","28.5","337.0","+83.0"
"255","11","","T.J. Yeldon","BUF","RB73","6","176","406","238.3","40.5","253.0","-2.0"
"256","11","","Antonio Callaway","CLE","WR90","7","129","298","231.1","36.8","238.0","-18.0"
"257","11","","Kenneth Dixon","BAL","RB74","8","98","403","229.4","46.4","328.0","+71.0"
"258","11","","Josh Doctson","WAS","WR91","10","149","300","242.6","28.0","297.0","+39.0"
"259","11","","Gerald Everett","LAR","TE27","9","145","297","241.8","37.7","311.0","+52.0"
"260","11","","Miles Boykin","BAL","WR92","8","113","300","210.7","52.9","217.0","-43.0"
"261","11","","Elijah McGuire","NYJ","RB75","4","114","384","227.1","39.5","273.0","+12.0"
"262","11","","Carolina (CAR)","","DST20","7","174","318","255.7","31.2","272.0","+10.0"
"263","11","","Josh Reynolds","LAR","WR93","9","158","317","250.3","24.5","294.0","+31.0"
"264","11","","Corey Clement","PHI","RB76","10","197","405","250.8","38.8","321.0","+57.0"
"265","11","","Danny Amendola","DET","WR94","5","161","348","252.4","36.0","275.0","+10.0"
"266","11","","Dexter Williams","GB","RB77","11","139","427","239.0","45.6","284.0","+18.0"
"267","11","","Daniel Jones","NYG","QB35","11","174","368","262.9","31.9","384.0","+117.0"
"268","11","","Phillip Dorsett","NE","WR95","10","145","344","253.7","32.1","363.0","+95.0"
"269","11","","Aldrick Rosas","NYG","K15","11","159","319","257.1","25.9","274.0","+5.0"
"270","11","","Alfred Blue","JAC","RB78","10","151","354","249.3","37.5","302.0","+32.0"
"271","11","","Chris Conley","JAC","WR96","10","163","294","249.4","33.5","325.0","+54.0"
"272","11","","Doug Martin","OAK","RB79","6","160","404","234.8","38.5","300.0","+28.0"
"273","12","","Jordan Wilkins","IND","RB80","6","166","406","256.2","41.7","366.0","+93.0"
"274","12","","Theo Riddick","DEN","RB81","10","198","451","261.0","43.0","309.0","+35.0"
"275","12","","Keelan Cole","JAC","WR97","10","104","381","259.3","34.4","365.0","+90.0"
"276","12","","KeeSean Johnson","ARI","WR98","12","128","293","220.0","37.8","303.0","+27.0"
"277","12","","Terry McLaurin","WAS","WR99","10","102","293","221.9","37.3","386.0","+109.0"
"278","12","","Damarea Crockett","HOU","RB82","10","146","344","214.8","48.3","285.0","+7.0"
"279","12","","Josh Adams","PHI","RB83","10","111","408","256.4","39.8","323.0","+44.0"
"280","12","","Brian Hill","ATL","RB84","9","139","366","235.5","48.4","336.0","+56.0"
"281","12","","Jason Witten","DAL","TE28","8","145","331","244.0","36.9","211.0","-70.0"
"282","12","","Dontrell Hilliard","CLE","RB85","7","146","377","236.2","49.1","287.0","+5.0"
"283","12","","Wayne Gallman","NYG","RB86","11","177","407","265.2","35.8","361.0","+78.0"
"284","12","","Jalen Hurd","SF","WR100","4","115","338","235.7","42.7","258.0","-26.0"
"285","12","","Dare Ogunbowale","TB","RB87","7","108","414","214.5","58.0","233.0","-52.0"
"286","12","","Demaryius Thomas","NE","WR101","10","152","364","255.5","40.2","249.0","-37.0"
"287","12","","Equanimeous St. Brown","GB","WR102","11","161","347","262.0","33.0","320.0","+33.0"
"288","12","","Ryan Tannehill","TEN","QB36","11","212","430","278.4","31.9","375.0","+87.0"
"289","12","","Devontae Booker","DEN","RB88","10","208","409","273.8","39.9","327.0","+38.0"
"290","12","","Green Bay (GB)","","DST21","11","169","329","252.2","38.7","221.0","-69.0"
"291","12","","Cameron Brate","TB","TE29","7","158","304","255.1","31.6","243.0","-48.0"
"292","12","","Breshad Perriman","TB","WR103","7","133","316","251.1","37.6","343.0","+51.0"
"293","12","","Giorgio Tavecchio","ATL","K16","9","186","405","238.0","45.4","207.0","-86.0"
"294","12","","Qadree Ollison","ATL","RB89","9","167","410","260.1","40.3","283.0","-11.0"
"295","12","","Chris Hogan","CAR","WR104","7","185","331","266.3","28.3","339.0","+44.0"
"296","12","","Mike Weber","DAL","RB90","8","177","321","261.1","24.8","241.0","-55.0"
"297","12","","Bilal Powell","NYJ","RB91","4","162","321","263.2","28.3","342.0","+45.0"
"298","12","","John Kelly","LAR","RB92","9","211","482","281.0","46.8","",""
"299","12","","Cameron Artis-Payne","CAR","RB93","7","109","411","271.8","37.6","357.0","+58.0"
"300","12","","Jaron Brown","SEA","WR105","11","148","361","227.7","53.9","347.0","+47.0"
"301","12","","Ian Thomas","CAR","TE30","7","172","297","255.8","33.6","312.0","+11.0"
"302","12","","Hunter Renfrow","OAK","WR106","6","151","325","244.6","42.1","379.0","+77.0"
"303","12","","Atlanta (ATL)","","DST22","9","176","324","248.3","35.5","260.0","-43.0"
"304","12","","Wendell Smallwood","PHI","RB94","10","225","412","278.2","33.3","348.0","+44.0"
"305","12","","Taywan Taylor","TEN","WR107","11","216","334","272.8","27.2","316.0","+11.0"
"306","12","","Dan Bailey","MIN","K17","12","184","328","254.7","31.6","224.0","-82.0"
"307","12","","Chris Boswell","PIT","K18","7","160","313","255.8","33.3","231.0","-76.0"
"308","12","","Diontae Johnson","PIT","WR108","7","164","343","250.8","35.2","239.0","-69.0"
"309","12","","Bruce Anderson","TB","RB95","7","130","354","253.4","43.3","296.0","-13.0"
"310","12","","Preston Williams","MIA","WR109","5","99","290","231.2","35.7","254.0","-56.0"
"311","12","","Will Dissly","SEA","TE31","11","173","304","241.7","31.7","308.0","-3.0"
"312","12","","Travis Benjamin","LAC","WR110","12","141","303","233.8","37.7","317.0","+5.0"
"313","12","","Myles Gaskin","MIA","RB96","5","171","416","283.5","38.0","298.0","-15.0"
"314","12","","D'Onta Foreman","FA","RB97","","101","418","220.0","60.5","407.0","+93.0"
"315","12","","Trayveon Williams","CIN","RB98","9","187","439","287.4","36.1","244.0","-71.0"
"316","12","","Spencer Ware","IND","RB99","6","204","417","266.9","39.7","335.0","+19.0"
"317","12","","Rod Smith","NYG","RB100","11","226","418","289.1","29.3","",""
"318","12","","Ryan Succop","TEN","K19","11","182","332","260.6","29.9","268.0","-50.0"
"319","12","","Michael Crabtree","ARI","WR111","12","144","292","230.8","36.2","362.0","+43.0"
"320","12","","Hayden Hurst","BAL","TE32","8","217","324","262.8","25.8","318.0","-2.0"
"321","12","","Alfred Morris","DAL","RB101","8","153","452","273.5","58.8","279.0","-42.0"
"322","12","","Deon Cain","IND","WR112","6","194","335","265.3","39.8","338.0","+16.0"
"323","12","","Washington (WAS)","","DST23","10","167","331","266.8","46.3","240.0","-83.0"
"324","12","","Jakobi Meyers","NE","WR113","10","105","327","233.0","41.8","226.0","-98.0"
"325","12","","Demarcus Robinson","KC","WR114","12","193","313","260.0","27.5","289.0","-36.0"
"326","12","","Jake Kumerow","GB","WR115","11","179","393","270.4","48.1","250.0","-76.0"
"327","13","","Taysom Hill","NO","QB37","9","235","462","292.4","45.3","",""
"328","13","","Cordarrelle Patterson","CHI","WR116","6","194","339","267.7","27.1","341.0","+13.0"
"329","13","","New York (NYJ)","","DST24","4","178","368","257.0","47.5","282.0","-47.0"
"330","13","","Brandon McManus","DEN","K20","10","161","334","255.8","38.1","288.0","-42.0"
"331","13","","Ricky Seals-Jones","ARI","TE33","12","163","314","259.8","34.6","331.0","0.0"
"332","13","","Detroit (DET)","","DST25","5","170","333","277.8","30.0","290.0","-42.0"
"333","13","","Keith Kirkwood","NO","WR117","9","202","327","280.1","29.5","",""
"334","13","","Darren Sproles","PHI","RB102","10","208","421","269.5","47.0","",""
"335","13","","Arizona (ARI)","","DST26","12","171","357","269.9","38.7","277.0","-58.0"
"336","13","","Jordan Thomas","HOU","TE34","10","193","395","270.4","40.3","370.0","+34.0"
"337","13","","Ty Johnson","DET","RB103","5","174","423","249.3","61.1","385.0","+48.0"
"338","13","","Jordan Scarlett","CAR","RB104","7","166","455","264.7","68.5","",""
"339","13","","Matt LaCosse","NE","TE35","10","150","379","266.1","41.8","252.0","-87.0"
"340","13","","Mark Walton","MIA","RB105","5","197","424","280.6","55.4","400.0","+60.0"
"341","13","","Josh Lambo","JAC","K21","10","163","311","258.1","38.9","293.0","-48.0"
"342","13","","Jeff Wilson","SF","RB106","4","237","478","294.0","56.9","378.0","+36.0"
"343","13","","Drew Lock","DEN","QB38","10","218","426","294.7","49.6","358.0","+15.0"
"344","13","","Greg Joseph","CLE","K22","7","177","422","277.1","48.9","265.0","-79.0"
"345","13","","Irv Smith Jr.","MIN","TE36","12","162","374","269.5","45.5","219.0","-126.0"
"346","13","","New York (NYG)","","DST27","11","168","425","284.7","56.5","306.0","-40.0"
"347","13","","Trent Taylor","SF","WR118","4","203","362","261.8","45.5","",""
"348","13","","Darrel Williams","KC","RB107","12","144","430","279.2","58.4","344.0","-4.0"
"349","13","","Justin Watson","TB","WR119","7","193","372","260.2","38.0","",""
"350","13","","Mike Boone","MIN","RB108","12","160","428","277.6","58.1","",""
"351","13","","Steven Hauschka","BUF","K23","6","164","335","273.1","34.9","295.0","-56.0"
"352","13","","Benjamin Watson","NE","TE37","10","230","377","273.1","37.3","367.0","+15.0"
"353","13","","Daniel Carlson","OAK","K24","6","165","341","278.4","36.7","286.0","-67.0"
"354","13","","Karan Higdon","HOU","RB109","10","133","434","246.6","70.8","387.0","+33.0"
"355","13","","Geoff Swaim","JAC","TE38","10","208","297","266.6","27.6","353.0","-2.0"
"356","13","","Zach Zenner","FA","RB110","","209","320","282.2","16.1","334.0","-22.0"
"357","13","","Jay Ajayi","FA","RB111","","159","280","224.2","36.6","307.0","-50.0"
"358","13","","Andre Ellington","TB","RB112","7","201","445","283.6","67.4","403.0","+45.0"
"359","13","","Jonnu Smith","TEN","TE39","11","205","335","274.8","35.6","405.0","+46.0"
"360","13","","San Francisco (SF)","","DST28","4","198","339","278.1","43.5","255.0","-105.0"
"361","13","","Ameer Abdullah","MIN","RB113","12","253","436","297.6","41.0","",""
"362","13","","Blake Jarwin","DAL","TE40","8","225","343","274.1","33.2","340.0","-22.0"
"363","13","","C.J. Uzomah","CIN","TE41","9","222","383","292.7","49.3","352.0","-11.0"
"364","13","","Vernon Davis","WAS","TE42","10","217","429","297.9","58.0","398.0","+34.0"
"365","13","","Bryce Love","WAS","RB114","10","184","434","284.6","56.5","281.0","-84.0"
"366","13","","Cairo Santos","TB","K25","7","246","338","289.6","22.6","",""
"367","13","","Chad Beebe","MIN","WR120","12","178","340","273.5","30.6","",""
"368","13","","Jesse James","DET","TE43","5","210","360","295.0","40.7","351.0","-17.0"
"369","13","","Jace Sternberger","GB","TE44","11","207","372","296.1","43.3","",""
"370","13","","Tampa Bay (TB)","","DST29","7","261","383","316.0","33.5","396.0","+26.0"
"371","13","","Miami (MIA)","","DST30","5","166","432","317.0","47.4","304.0","-67.0"
"372","13","","Matt Bryant","FA","K26","","186","313","235.9","50.1","",""
"373","13","","Cody Latimer","NYG","WR121","11","145","383","292.2","57.2","",""
"374","13","","Josh Oliver","JAC","TE45","10","155","372","287.2","52.2","404.0","+30.0"
"375","13","","Chris Moore","BAL","WR122","8","218","375","287.4","58.2","236.0","-139.0"
"376","13","","Blake Bortles","LAR","QB39","9","267","458","310.6","57.6","371.0","-5.0"
"377","13","","Charles Clay","ARI","TE46","12","270","373","310.6","37.0","",""
"378","13","","Kelvin Harmon","WAS","WR123","10","204","405","293.7","53.4","247.0","-131.0"
"379","13","","Dawson Knox","BUF","TE47","6","192","371","294.0","49.5","388.0","+9.0"
"380","13","","Trenton Cannon","NYJ","RB115","4","258","399","300.6","36.4","",""
"381","13","","DeAndre Washington","OAK","RB116","6","206","441","280.1","64.7","",""
"382","13","","Nick Vannett","SEA","TE48","11","225","352","306.7","34.0","373.0","-9.0"
"383","13","","Tim Patrick","DEN","WR124","10","189","348","284.0","48.0","360.0","-23.0"
"384","13","","Marcus Murphy","BUF","RB117","6","246","456","314.9","71.2","",""
"385","13","","Jakeem Grant","MIA","WR125","5","213","398","316.3","49.0","397.0","+12.0"
"386","14","","Jake Butt","DEN","TE49","10","239","394","324.0","38.3","",""
"387","14","","Tyler Higbee","LAR","TE50","9","243","388","303.4","47.7","",""
"388","14","","Josh Ferguson","HOU","RB118","10","159","442","254.5","93.0","",""
"389","14","","Ryan Switzer","PIT","WR126","7","194","419","295.3","66.3","402.0","+13.0"
"390","14","","Dustin Hopkins","WAS","K27","10","250","342","299.0","24.5","310.0","-80.0"
"391","14","","Ryan Grant","OAK","WR127","6","218","435","325.3","58.9","",""
"392","14","","Emmanuel Butler","NO","WR128","9","218","336","273.0","43.9","",""
"393","14","","Dontrelle Inman","LAC","WR129","12","255","433","328.5","58.0","401.0","+8.0"
"394","14","","Javorius Allen","FA","RB119","","253","316","275.7","21.7","",""
"395","14","","Tyler Kroft","BUF","TE51","6","199","396","309.9","49.0","406.0","+11.0"
"396","14","","Elijah Holyfield","CAR","RB120","7","176","444","283.0","82.3","276.0","-120.0"
"397","14","","Damion Willis","CIN","WR130","9","198","272","246.2","20.6","",""
"398","14","","Adam Shaheen","CHI","TE52","6","196","390","319.4","37.3","",""
"399","14","","Maurice Harris","FA","WR131","","247","351","294.0","35.3","",""
"400","14","","Devine Ozigbo","NO","RB121","9","210","456","299.5","73.8","",""
"401","14","","Cameron Meredith","NE","WR132","10","244","446","350.1","68.5","",""
"402","14","","Travis Homer","SEA","RB122","11","209","429","303.2","66.7","",""
"403","14","","J.D. McKissic","SEA","RB123","11","232","443","303.5","62.5","",""
"404","14","","Gary Jennings","SEA","WR133","11","269","439","331.3","57.1","395.0","-9.0"
"405","14","","Darius Slayton","NYG","WR134","11","261","437","334.7","49.7","",""
"406","14","","Demetrius Harris","CLE","TE53","7","266","349","310.5","30.2","381.0","-25.0"
"407","14","","Cody Parkey","FA","K28","","162","303","225.8","56.4","",""
"408","14","","Buddy Howell","HOU","RB124","10","136","471","289.6","108.3","",""
"409","14","","Jazz Ferguson","SEA","WR135","11","231","440","292.4","75.6","",""
"410","14","","Matt Gay","TB","K29","7","192","461","297.4","93.9","326.0","-84.0"
"411","14","","Teddy Bridgewater","NO","QB40","9","246","481","330.3","79.6","",""
"412","14","","Alex Barnes","TEN","RB125","11","205","453","330.8","83.7","",""
"413","14","","Riley Ridley","CHI","WR136","6","235","416","332.2","61.3","269.0","-144.0"
"414","14","","Raheem Mostert","SF","RB126","4","213","469","302.6","90.2","",""
"415","14","","Oakland (OAK)","","DST31","6","245","353","304.0","43.4","",""
"416","14","","Kyle Juszczyk","SF","RB127","4","248","452","304.6","75.0","354.0","-62.0"
"417","14","","Foster Moreau","OAK","TE54","6","273","408","336.3","47.5","",""
"418","14","","Jordan Akins","HOU","TE55","10","242","454","340.0","73.7","",""
"419","14","","Will Grier","CAR","QB41","7","248","455","341.2","80.5","",""
"420","14","","Jarius Wright","CAR","WR137","7","205","371","313.0","64.9","355.0","-65.0"
"421","14","","Mo Alie-Cox","IND","TE56","6","276","371","314.0","32.7","",""
"422","14","","Kendrick Bourne","SF","WR138","4","256","392","315.8","44.3","332.0","-90.0"
"423","14","","Chandler Catanzaro","FA","K30","","230","338","276.5","40.9","",""
"424","14","","Zane Gonzalez","ARI","K31","12","263","447","321.2","64.6","",""
"425","14","","LeGarrette Blount","FA","RB128","","271","463","321.4","72.8","",""
"426","14","","Alex Erickson","CIN","WR139","9","271","379","351.2","28.8","",""
"427","14","","Chester Rogers","IND","WR140","6","221","435","352.0","48.5","346.0","-81.0"
"428","14","","Austin Seibert","CLE","K32","7","255","457","326.4","72.2","229.0","-199.0"
"429","14","","Jason Croom","BUF","TE57","6","276","458","327.4","66.9","",""
"430","14","","Corey Grant","FA","RB129","","233","328","286.5","34.2","",""
"431","14","","Laquon Treadwell","MIN","WR141","12","259","448","355.3","61.8","330.0","-101.0"
"432","14","","Nick Mullens","SF","QB42","4","254","485","358.5","83.7","",""
"433","14","","Eddy Pineiro","CHI","K33","6","245","459","332.6","72.9","324.0","-109.0"
"434","14","","Kahale Warring","HOU","TE58","10","231","394","334.0","37.0","",""
"435","14","","Jeff Heuerman","DEN","TE59","10","212","368","334.4","30.6","",""
"436","14","","Tavon Austin","DAL","WR142","8","257","390","340.6","48.5","",""
"437","14","","Randy Bullock","CIN","K34","9","264","343","304.3","29.4","364.0","-73.0"
"438","14","","Greg Dortch","NYJ","WR143","4","241","450","305.3","84.3","",""
"439","14","","Kaare Vedvik","MIN","K35","12","197","478","305.8","104.6","",""
"440","14","","Brett Hundley","ARI","QB43","12","248","462","344.2","86.9","",""
"441","14","","Alex Collins","FA","RB130","","222","275","249.0","21.6","322.0","-119.0"
"442","14","","Allen Hurns","MIA","WR144","5","247","430","371.0","37.7","",""
"443","14","","Blake Bell","KC","TE60","12","290","465","352.0","63.2","",""
"444","14","","Dwayne Allen","MIA","TE61","5","226","464","354.4","79.5","",""
"445","14","","Tyrod Taylor","LAC","QB44","12","276","466","354.4","90.3","",""
"446","14","","Cincinnati (CIN)","","DST32","9","266","468","357.4","71.6","305.0","-141.0"
"447","14","","Seth Roberts","BAL","WR145","8","265","410","360.8","50.2","350.0","-97.0"
"448","14","","Luke Willson","OAK","TE62","6","285","392","361.4","21.3","",""
"449","14","","Torrey Smith","CAR","WR146","7","293","415","363.0","43.5","",""
"450","14","","Jason Sanders","MIA","K36","5","296","360","332.0","26.6","382.0","-68.0"
"451","14","","Darius Jackson","DAL","RB131","8","275","484","366.4","92.4","",""
"452","14","","Isaiah McKenzie","BUF","WR147","6","189","470","368.2","98.0","359.0","-93.0"
"453","14","","Jacob Hollister","SEA","TE63","11","267","467","339.3","79.4","",""
"454","14","","Marcell Ateman","OAK","WR148","6","302","413","375.0","40.3","399.0","-55.0"
"455","14","","Chris Ivory","FA","RB132","","286","319","297.3","15.3","377.0","-78.0"
"456","14","","Maxx Williams","ARI","TE64","12","306","477","376.0","63.5","",""
"457","14","","J.J. Nelson","OAK","WR149","6","298","381","349.0","30.9","",""
"458","14","","Josh Malone","CIN","WR150","9","270","474","353.8","86.5","",""
"459","14","","Pierre Garcon","FA","WR151","","263","411","312.7","69.5","",""
"460","14","","Jordan Matthews","SF","WR152","4","351","374","361.8","8.9","349.0","-111.0"
"461","14","","Rhett Ellison","NYG","TE65","11","283","359","319.0","31.2","",""
"462","14","","James O'Shaughnessy","JAC","TE66","10","323","397","363.0","33.8","",""
"463","14","","Trevon Wesco","NYJ","TE67","4","287","479","365.0","70.2","",""
"464","14","","Bennie Fowler","NYG","WR153","11","277","378","323.3","41.7","",""
"465","14","","Austin Seferian-Jenkins","FA","TE68","","288","374","324.7","36.2","",""
"466","14","","Ed Dickson","SEA","TE69","11","287","481","392.2","62.9","",""
"467","15","","Dez Bryant","FA","WR154","","228","268","248.0","20.0","",""
"468","15","","Scott Miller","TB","WR155","7","276","449","371.0","64.5","",""
"469","15","","Emanuel Hall","TB","WR156","7","269","420","331.3","64.4","270.0","-199.0"
"470","15","","Justin Hardy","ATL","WR157","9","271","475","372.8","72.7","",""
"471","15","","Brice Butler","MIA","WR158","5","240","396","334.7","67.9","",""
"472","15","","Josh Hill","NO","TE70","9","341","418","374.8","27.7","",""
"473","15","","Ryan Finley","CIN","QB45","9","251","480","338.3","101.1","",""
"474","15","","Mack Hollins","PHI","WR159","10","287","462","401.0","63.1","",""
"475","15","","Benny Cunningham","FA","RB133","","253","280","266.5","13.5","",""
"476","15","","Nick Boyle","BAL","TE71","8","239","485","379.8","88.8","",""
"477","15","","Luke Stocker","ATL","TE72","9","235","411","343.3","77.4","",""
"478","15","","CJ Ham","MIN","RB134","12","291","500","383.0","82.4","",""
"479","15","","Colt McCoy","WAS","QB46","10","270","482","345.3","96.8","",""
"480","15","","Trent Sherfield","ARI","WR160","12","267","279","273.0","6.0","",""
"481","15","","Byron Pringle","KC","WR161","12","306","453","384.0","58.5","",""
"482","15","","Paul Perkins","NYG","RB135","11","266","494","384.8","91.4","",""
"483","15","","J'Mon Moore","GB","WR162","11","293","473","409.6","49.0","",""
"484","15","","Robert Griffin","BAL","QB47","8","282","487","389.3","77.4","",""
"485","15","","Samaje Perine","WAS","RB136","10","257","496","356.3","101.7","",""
"486","15","","DeAndre Carter","HOU","WR163","10","294","398","356.3","44.9","",""
"487","15","","Nick O'Leary","MIA","TE73","5","342","385","356.3","20.3","",""
"488","15","","Deontay Burnett","NYJ","WR164","4","284","476","391.0","68.9","",""
"489","15","","Andre Roberts","BUF","WR165","6","301","415","358.0","46.5","",""
"490","15","","Jeremy Hill","FA","RB137","","251","333","292.0","41.0","",""
"491","15","","Russell Shepard","NYG","WR166","11","297","407","359.3","46.1","",""
"492","15","","Keelan Doss","OAK","WR167","6","296","396","360.3","45.6","",""
"493","15","","Dan Arnold","NO","TE74","9","356","422","395.0","24.9","",""
"494","15","","Xavier Grimble","PIT","TE75","7","284","488","395.8","73.8","",""
"495","15","","Josh Bellamy","NYJ","WR168","4","305","483","397.8","63.1","",""
"496","15","","Virgil Green","LAC","TE76","12","337","490","398.3","58.7","",""
"497","15","","Braxton Berrios","NE","WR169","10","333","399","367.3","27.0","",""
"498","15","","Tajae Sharpe","TEN","WR170","11","281","489","401.0","79.2","356.0","-142.0"
"499","15","","Matt Barkley","BUF","QB48","6","283","493","402.8","83.1","",""
"500","15","","C.J. Prosise","SEA","RB138","11","262","486","376.3","91.5","392.0","-108.0"
"501","15","","Dylan Cantrell","LAC","WR171","12","335","492","407.5","56.3","",""
"502","15","","AJ McCarron","HOU","QB49","10","292","495","409.5","83.0","",""
"503","15","","D'Ernest Johnson","CLE","RB139","7","214","507","388.3","125.9","",""
"504","15","","Dwayne Washington","NO","RB140","9","289","472","384.7","74.9","",""
"505","15","","Eli Rogers","PIT","WR172","7","312","502","414.0","70.8","",""
"506","15","","Chase Daniel","CHI","QB50","6","292","501","414.3","79.9","",""
"507","15","","Russell Gage","ATL","WR173","9","304","499","414.5","73.2","",""
"508","15","","Noah Brown","DAL","WR174","8","282","491","387.0","85.3","",""
"509","15","","Elijhaa Penny","NYG","RB141","11","279","511","394.7","94.7","",""
"510","15","","Stanley Morgan Jr.","CIN","WR175","9","290","386","338.0","48.0","",""
"511","15","","Juwann Winfree","DEN","WR176","10","357","448","390.3","40.9","",""
"512","15","","Kelvin Benjamin","FA","WR177","","270","417","343.5","73.5","",""
"513","15","","Zach Pascal","IND","WR178","6","322","503","398.0","76.7","372.0","-141.0"
"514","15","","Brandon Powell","DET","WR179","5","280","498","396.7","89.7","",""
"515","15","","Zach Line","NO","RB142","9","286","520","404.7","95.6","",""
"516","15","","James Develin","NE","RB143","10","297","516","404.0","89.5","369.0","-147.0"
"517","15","","Lil'Jordan Humphrey","NO","WR180","9","280","497","398.0","89.6","",""
"518","15","","Travis Fulgham","DET","WR181","5","311","394","352.5","41.5","",""
"519","15","","Taylor Bertolet","NYJ","K37","4","337","369","353.0","16.0","",""
"520","15","","Lee Smith","BUF","TE77","6","273","444","358.5","85.5","",""
"521","15","","Gehrig Dieter","KC","WR182","12","317","400","358.5","41.5","",""
"522","15","","Damion Ratley","CLE","WR183","7","307","504","408.3","80.5","",""
"523","15","","Detrez Newsome","LAC","RB144","12","296","521","418.3","92.9","",""
"524","15","","Austin Carr","NO","WR184","9","353","505","414.3","65.4","",""
"525","15","","David Fluellen","TEN","RB145","11","328","412","370.0","42.0","",""
"526","15","","Bobo Wilson","TB","WR185","7","331","416","373.5","42.5","",""
"527","15","","Matt Schaub","ATL","QB51","9","270","484","377.0","107.0","",""
"528","15","","Garrett Celek","SF","TE78","4","359","513","424.0","65.1","",""
"529","15","","Eric Saubert","NE","TE79","10","338","510","424.0","70.2","",""
"530","15","","Anthony Sherman","KC","RB146","12","327","437","382.0","55.0","",""
"531","15","","Darren Fells","HOU","TE80","10","330","514","428.7","75.7","",""
"532","15","","Stephen Anderson","NE","TE81","10","358","512","430.3","63.2","",""
"533","15","","Kenjon Barner","ATL","RB147","9","326","460","393.0","67.0","",""
"534","15","","Aldrick Robinson","CAR","WR186","7","391","401","396.0","5.0","374.0","-160.0"
"535","15","","Taquan Mizzell","CHI","RB148","6","383","416","399.5","16.5","",""
"536","15","","Chad Williams","ARI","WR187","12","363","509","437.0","59.6","391.0","-145.0"
"537","15","","Cody Core","CIN","WR188","9","347","517","440.7","70.5","",""
"538","15","","Richie James","SF","WR189","4","403","508","438.3","49.3","",""
"539","15","","Andy Janovich","DEN","RB149","10","379","431","405.0","26.0","",""
"540","16","","Patrick DiMarco","BUF","RB150","6","387","442","414.5","27.5","",""
"541","16","","T.J. Logan","ARI","RB151","12","375","506","445.0","53.9","",""
"542","16","","Jamize Olawale","DAL","RB152","8","385","449","417.0","32.0","",""
"543","16","","Logan Paulsen","ATL","TE82","9","397","515","450.0","48.9","",""
"544","16","","Derek Watt","LAC","RB153","12","377","461","419.0","42.0","",""
"545","16","","Quinton Flowers","CIN","QB52","9","373","468","420.5","47.5","",""
"546","16","","Mason Rudolph","PIT","QB53","7","363","491","427.0","64.0","390.0","-156.0"
"547","16","","Daurice Fountain","IND","WR190","6","386","519","452.5","66.5","",""
"548","16","","Anthony Firkser","TEN","TE83","11","441","522","481.5","40.5","",""
"549","16","","Jordan Leggett","TB","TE84","7","447","523","485.0","38.0","",""
"550","16","","Jeremy Sprinkle","WAS","TE85","10","449","524","486.5","37.5","",""
""
""